[
{
  "model": "conf.region",
  "pk": 1,
  "fields": {
    "created_at": "2025-06-07T14:07:40.969Z",
    "updated_at": "2025-06-07T14:07:40.969Z",
    "created_by": null,
    "name": "Central"
  }
},
{
  "model": "conf.district",
  "pk": 1,
  "fields": {
    "created_at": "2025-06-07T14:07:51.231Z",
    "updated_at": "2025-06-07T14:07:51.231Z",
    "created_by": null,
    "region": 1,
    "name": "Kampala"
  }
},
{
  "model": "conf.sector",
  "pk": 1,
  "fields": {
    "created_at": "2025-06-07T14:08:04.847Z",
    "updated_at": "2025-06-07T14:08:04.847Z",
    "created_by": null,
    "name": "Agriculture"
  }
},
{
  "model": "conf.sector",
  "pk": 2,
  "fields": {
    "created_at": "2025-06-07T14:08:22.466Z",
    "updated_at": "2025-06-07T14:08:22.466Z",
    "created_by": null,
    "name": "Telecomuncation"
  }
},
{
  "model": "conf.sector",
  "pk": 3,
  "fields": {
    "created_at": "2025-06-07T14:08:34.824Z",
    "updated_at": "2025-06-07T14:08:34.828Z",
    "created_by": null,
    "name": "Food"
  }
},
{
  "model": "conf.sector",
  "pk": 4,
  "fields": {
    "created_at": "2025-06-07T14:08:43.736Z",
    "updated_at": "2025-06-07T14:08:43.736Z",
    "created_by": null,
    "name": "Vehicle"
  }
},
{
  "model": "conf.evaluationlevel",
  "pk": 1,
  "fields": {
    "created_at": "2025-06-07T15:19:33.259Z",
    "updated_at": "2025-06-07T15:19:33.259Z",
    "created_by": null,
    "name": "Monthly",
    "days": 30
  }
},
{
  "model": "conf.evaluationlevel",
  "pk": 2,
  "fields": {
    "created_at": "2025-06-07T15:19:41.150Z",
    "updated_at": "2025-06-07T15:19:41.150Z",
    "created_by": null,
    "name": "Quaterly",
    "days": 90
  }
},
{
  "model": "conf.evaluationlevel",
  "pk": 3,
  "fields": {
    "created_at": "2025-06-07T15:20:01.839Z",
    "updated_at": "2025-06-07T15:20:01.839Z",
    "created_by": null,
    "name": "Bi- Anually",
    "days": 180
  }
},
{
  "model": "conf.evaluationlevel",
  "pk": 4,
  "fields": {
    "created_at": "2025-06-07T15:20:13.279Z",
    "updated_at": "2025-06-07T15:20:13.279Z",
    "created_by": null,
    "name": "Anually",
    "days": 360
  }
},
{
  "model": "conf.standards",
  "pk": 1,
  "fields": {
    "created_at": "2025-06-07T18:55:24.602Z",
    "updated_at": "2025-06-07T18:56:23.768Z",
    "created_by": null,
    "standard_no": "ISO 9001:2015",
    "edition": null,
    "standard_title": "ISO",
    "year": null,
    "scope": "",
    "ics_no": null,
    "hsc_code": "",
    "pages": null
  }
},
{
  "model": "conf.activity",
  "pk": 1,
  "fields": {
    "created_at": "2025-06-07T17:14:17.116Z",
    "updated_at": "2025-06-07T17:14:17.116Z",
    "created_by": 1,
    "name": "Control of Documented Information",
    "code": "CDI"
  }
},
{
  "model": "conf.activity",
  "pk": 2,
  "fields": {
    "created_at": "2025-06-07T17:14:36.091Z",
    "updated_at": "2025-06-07T17:14:36.091Z",
    "created_by": 1,
    "name": "Customer Satisfaction",
    "code": "CS"
  }
},
{
  "model": "conf.activity",
  "pk": 3,
  "fields": {
    "created_at": "2025-06-07T17:14:45.553Z",
    "updated_at": "2025-06-07T17:14:45.553Z",
    "created_by": 1,
    "name": "Design and Development",
    "code": "DD"
  }
},
{
  "model": "conf.activity",
  "pk": 4,
  "fields": {
    "created_at": "2025-06-07T17:15:07.622Z",
    "updated_at": "2025-06-07T17:15:14.795Z",
    "created_by": 1,
    "name": "Equipment Servicing and Maintenance",
    "code": "ESM"
  }
},
{
  "model": "conf.activity",
  "pk": 5,
  "fields": {
    "created_at": "2025-06-07T17:15:28.155Z",
    "updated_at": "2025-06-07T17:15:28.155Z",
    "created_by": 1,
    "name": "Human Resource",
    "code": "HR"
  }
},
{
  "model": "conf.activity",
  "pk": 6,
  "fields": {
    "created_at": "2025-06-07T17:15:56.756Z",
    "updated_at": "2025-06-07T17:15:56.756Z",
    "created_by": 1,
    "name": "Internal Audit",
    "code": "IR"
  }
},
{
  "model": "conf.activity",
  "pk": 7,
  "fields": {
    "created_at": "2025-06-07T17:16:16.771Z",
    "updated_at": "2025-06-07T17:16:16.771Z",
    "created_by": 1,
    "name": "Management Review",
    "code": "MR"
  }
},
{
  "model": "conf.activity",
  "pk": 8,
  "fields": {
    "created_at": "2025-06-07T17:16:51.626Z",
    "updated_at": "2025-06-07T17:16:51.626Z",
    "created_by": 1,
    "name": "Procurement",
    "code": "PROC"
  }
},
{
  "model": "conf.activity",
  "pk": 9,
  "fields": {
    "created_at": "2025-06-07T17:17:15.884Z",
    "updated_at": "2025-06-07T17:17:15.884Z",
    "created_by": 1,
    "name": "Risk and Opportunities",
    "code": "RO"
  }
},
{
  "model": "conf.category",
  "pk": 1,
  "fields": {
    "created_at": "2025-06-07T17:14:17.116Z",
    "updated_at": "2025-06-07T17:14:17.116Z",
    "created_by": null,
    "name": "Control of Documented Information",
    "code": "CDI"
  }
},
{
  "model": "conf.category",
  "pk": 2,
  "fields": {
    "created_at": "2025-06-07T17:14:36.091Z",
    "updated_at": "2025-06-07T17:14:36.091Z",
    "created_by": null,
    "name": "Customer Satisfaction",
    "code": "CS"
  }
},
{
  "model": "conf.category",
  "pk": 3,
  "fields": {
    "created_at": "2025-06-07T17:14:45.553Z",
    "updated_at": "2025-06-07T17:14:45.553Z",
    "created_by": null,
    "name": "Design and Development",
    "code": "DD"
  }
},
{
  "model": "conf.category",
  "pk": 4,
  "fields": {
    "created_at": "2025-06-07T17:15:07.622Z",
    "updated_at": "2025-06-07T17:15:14.795Z",
    "created_by": null,
    "name": "Equipment Servicing and Maintenance",
    "code": "ESM"
  }
},
{
  "model": "conf.category",
  "pk": 5,
  "fields": {
    "created_at": "2025-06-07T17:15:28.155Z",
    "updated_at": "2025-06-07T17:15:28.155Z",
    "created_by": null,
    "name": "Human Resource",
    "code": "HR"
  }
},
{
  "model": "conf.category",
  "pk": 6,
  "fields": {
    "created_at": "2025-06-07T17:15:56.756Z",
    "updated_at": "2025-06-07T17:15:56.756Z",
    "created_by": null,
    "name": "Internal Audit",
    "code": "IR"
  }
},
{
  "model": "conf.category",
  "pk": 7,
  "fields": {
    "created_at": "2025-06-07T17:16:16.771Z",
    "updated_at": "2025-06-07T17:16:16.771Z",
    "created_by": null,
    "name": "Management Review",
    "code": "MR"
  }
},
{
  "model": "conf.category",
  "pk": 8,
  "fields": {
    "created_at": "2025-06-07T17:16:51.626Z",
    "updated_at": "2025-06-07T17:16:51.626Z",
    "created_by": null,
    "name": "Procurement",
    "code": "PROC"
  }
},
{
  "model": "conf.category",
  "pk": 9,
  "fields": {
    "created_at": "2025-06-07T17:17:15.884Z",
    "updated_at": "2025-06-07T17:17:15.884Z",
    "created_by": null,
    "name": "Risk and Opportunities",
    "code": "RO"
  }
},
{
  "model": "conf.standardoperatingprocedure",
  "pk": 1,
  "fields": {
    "created_at": "2025-06-07T18:34:05.072Z",
    "updated_at": "2025-06-07T18:36:26.606Z",
    "created_by": 1,
    "category": 1,
    "name": "Control of Documented Information",
    "code": "SVN SOP 01",
    "sop_file": ""
  }
},
{
  "model": "conf.standardoperatingprocedure",
  "pk": 2,
  "fields": {
    "created_at": "2025-06-07T18:34:21.016Z",
    "updated_at": "2025-06-07T18:39:28.537Z",
    "created_by": 1,
    "category": 9,
    "name": "Control of Risks & Opportunities",
    "code": "SVN SOP 02",
    "sop_file": ""
  }
},
{
  "model": "conf.standardoperatingprocedure",
  "pk": 3,
  "fields": {
    "created_at": "2025-06-07T18:34:33.325Z",
    "updated_at": "2025-06-07T18:37:48.612Z",
    "created_by": 1,
    "category": 5,
    "name": "Control of Competence & Awareness",
    "code": "SVN  SOP 03",
    "sop_file": ""
  }
},
{
  "model": "conf.standardoperatingprocedure",
  "pk": 4,
  "fields": {
    "created_at": "2025-06-07T18:34:57.872Z",
    "updated_at": "2025-06-07T18:37:30.260Z",
    "created_by": 1,
    "category": 4,
    "name": "Control of Calibrated Equipment",
    "code": "SVN SOP 04",
    "sop_file": ""
  }
},
{
  "model": "conf.standardoperatingprocedure",
  "pk": 5,
  "fields": {
    "created_at": "2025-06-07T18:35:10.286Z",
    "updated_at": "2025-06-07T18:37:13.282Z",
    "created_by": 1,
    "category": 3,
    "name": "Control of Design & Development",
    "code": "SVN SOP 05",
    "sop_file": ""
  }
},
{
  "model": "conf.standardoperatingprocedure",
  "pk": 6,
  "fields": {
    "created_at": "2025-06-07T18:35:21.096Z",
    "updated_at": "2025-06-07T18:39:12.045Z",
    "created_by": 1,
    "category": 8,
    "name": "Control of Purchasing & Procurement",
    "code": "SVN SOP 06",
    "sop_file": ""
  }
},
{
  "model": "conf.standardoperatingprocedure",
  "pk": 7,
  "fields": {
    "created_at": "2025-06-07T18:35:32.863Z",
    "updated_at": "2025-06-07T18:38:44.127Z",
    "created_by": 1,
    "category": 6,
    "name": "Control of Non-conformity & Corrective Action",
    "code": "SVN SOP 07",
    "sop_file": ""
  }
},
{
  "model": "conf.standardoperatingprocedure",
  "pk": 8,
  "fields": {
    "created_at": "2025-06-07T18:35:43.326Z",
    "updated_at": "2025-06-07T18:36:53.423Z",
    "created_by": 1,
    "category": 2,
    "name": "Control of Customer Satisfaction",
    "code": "SVN SOP 08",
    "sop_file": ""
  }
},
{
  "model": "conf.standardoperatingprocedure",
  "pk": 9,
  "fields": {
    "created_at": "2025-06-07T18:35:55.074Z",
    "updated_at": "2025-06-07T18:38:32.097Z",
    "created_by": 1,
    "category": 6,
    "name": "Control of Internal Audits",
    "code": "SVN SOP 09",
    "sop_file": ""
  }
},
{
  "model": "conf.standardoperatingprocedure",
  "pk": 10,
  "fields": {
    "created_at": "2025-06-07T18:36:06.011Z",
    "updated_at": "2025-06-07T18:38:58.340Z",
    "created_by": 1,
    "category": 7,
    "name": "Control of Management Reviews",
    "code": "SVN SOP 10",
    "sop_file": ""
  }
},
{
  "model": "conf.forms",
  "pk": 1,
  "fields": {
    "created_at": "2025-06-07T18:00:11.880Z",
    "updated_at": "2025-06-07T18:46:04.199Z",
    "created_by": 1,
    "category": 4,
    "name": "Controlled Equipment Log",
    "code": "SVN FOM 10"
  }
},
{
  "model": "conf.forms",
  "pk": 2,
  "fields": {
    "created_at": "2025-06-07T18:28:43.644Z",
    "updated_at": "2025-06-07T18:28:43.644Z",
    "created_by": 1,
    "category": null,
    "name": "Calibration Log",
    "code": "SVN FOM 11"
  }
},
{
  "model": "conf.forms",
  "pk": 3,
  "fields": {
    "created_at": "2025-06-07T18:29:13.926Z",
    "updated_at": "2025-06-07T18:29:13.926Z",
    "created_by": 1,
    "category": null,
    "name": "Software Validation Log",
    "code": "SVN FOM 12"
  }
},
{
  "model": "conf.forms",
  "pk": 4,
  "fields": {
    "created_at": "2025-06-07T18:29:24.201Z",
    "updated_at": "2025-06-07T18:29:24.201Z",
    "created_by": 1,
    "category": null,
    "name": "Requirements Review Checklist",
    "code": "SVN  FOM 13"
  }
},
{
  "model": "conf.forms",
  "pk": 5,
  "fields": {
    "created_at": "2025-06-07T18:29:36.681Z",
    "updated_at": "2025-06-07T18:42:48.377Z",
    "created_by": 1,
    "category": 3,
    "name": "Design Change Request",
    "code": "SVN FOM 14"
  }
},
{
  "model": "conf.forms",
  "pk": 6,
  "fields": {
    "created_at": "2025-06-07T18:29:50.208Z",
    "updated_at": "2025-06-07T18:43:08.177Z",
    "created_by": 1,
    "category": 3,
    "name": "Design Change Request Log",
    "code": "SVN  FOM 15"
  }
},
{
  "model": "conf.forms",
  "pk": 7,
  "fields": {
    "created_at": "2025-06-07T18:30:01.114Z",
    "updated_at": "2025-06-07T18:51:02.342Z",
    "created_by": 1,
    "category": 8,
    "name": "Approved Supplier Index",
    "code": "SVN  FOM 16"
  }
},
{
  "model": "conf.forms",
  "pk": 8,
  "fields": {
    "created_at": "2025-06-07T18:30:11.753Z",
    "updated_at": "2025-06-07T18:51:14.464Z",
    "created_by": 1,
    "category": 8,
    "name": "Supplier Evaluation",
    "code": "SVN FOM 17"
  }
},
{
  "model": "conf.forms",
  "pk": 9,
  "fields": {
    "created_at": "2025-06-07T18:30:25.818Z",
    "updated_at": "2025-06-07T18:51:31.919Z",
    "created_by": 1,
    "category": 8,
    "name": "Receiving Inspection Log",
    "code": "SVN FOM 18"
  }
},
{
  "model": "conf.forms",
  "pk": 10,
  "fields": {
    "created_at": "2025-06-07T18:30:41.920Z",
    "updated_at": "2025-06-07T18:49:41.845Z",
    "created_by": 1,
    "category": 6,
    "name": "Non-conformance Report",
    "code": "SVN FOM 19"
  }
},
{
  "model": "conf.forms",
  "pk": 11,
  "fields": {
    "created_at": "2025-06-07T18:30:55.919Z",
    "updated_at": "2025-06-07T18:51:45.593Z",
    "created_by": 1,
    "category": 8,
    "name": "Concession Request",
    "code": "SVN FOM 20"
  }
},
{
  "model": "conf.forms",
  "pk": 12,
  "fields": {
    "created_at": "2025-06-07T18:31:08.980Z",
    "updated_at": "2025-06-07T18:51:55.345Z",
    "created_by": 1,
    "category": 8,
    "name": "Concession Request Log",
    "code": "SVN FOM 21"
  }
},
{
  "model": "conf.forms",
  "pk": 13,
  "fields": {
    "created_at": "2025-06-07T18:31:22.651Z",
    "updated_at": "2025-06-07T18:49:52.144Z",
    "created_by": 1,
    "category": 6,
    "name": "Corrective Action Report",
    "code": "SVN FOM 22"
  }
},
{
  "model": "conf.forms",
  "pk": 14,
  "fields": {
    "created_at": "2025-06-07T18:31:36.549Z",
    "updated_at": "2025-06-07T18:42:02.162Z",
    "created_by": 1,
    "category": 2,
    "name": "Customer Satisfaction Survey",
    "code": "SVN  FOM 23"
  }
},
{
  "model": "conf.forms",
  "pk": 15,
  "fields": {
    "created_at": "2025-06-07T18:31:48.906Z",
    "updated_at": "2025-06-07T18:42:13.132Z",
    "created_by": 1,
    "category": 2,
    "name": "Customer Feedback Log",
    "code": "SVN FOM 24"
  }
},
{
  "model": "conf.forms",
  "pk": 16,
  "fields": {
    "created_at": "2025-06-07T18:32:05.479Z",
    "updated_at": "2025-06-07T18:50:05.260Z",
    "created_by": 1,
    "category": 6,
    "name": "Internal Audit Report",
    "code": "SVN FOM 25"
  }
},
{
  "model": "conf.forms",
  "pk": 17,
  "fields": {
    "created_at": "2025-06-07T18:32:23.465Z",
    "updated_at": "2025-06-07T18:50:18.962Z",
    "created_by": 1,
    "category": 6,
    "name": "Internal Audit Feedback",
    "code": "SVN FOM 26"
  }
},
{
  "model": "conf.forms",
  "pk": 18,
  "fields": {
    "created_at": "2025-06-07T18:32:35.632Z",
    "updated_at": "2025-06-07T18:50:46.358Z",
    "created_by": 1,
    "category": 7,
    "name": "Management Review Agenda & Minutes",
    "code": "SVN FOM 27"
  }
},
{
  "model": "conf.forms",
  "pk": 19,
  "fields": {
    "created_at": "2025-06-07T18:40:44.377Z",
    "updated_at": "2025-06-07T18:40:44.377Z",
    "created_by": 1,
    "category": 1,
    "name": "Document Issue Sheet",
    "code": "SVN FOM 02"
  }
},
{
  "model": "conf.forms",
  "pk": 20,
  "fields": {
    "created_at": "2025-06-07T18:41:06.646Z",
    "updated_at": "2025-06-07T18:41:06.646Z",
    "created_by": 1,
    "category": 1,
    "name": "Document Change Request",
    "code": "SVN FOM 03"
  }
},
{
  "model": "conf.forms",
  "pk": 21,
  "fields": {
    "created_at": "2025-06-07T18:46:33.233Z",
    "updated_at": "2025-06-07T18:46:59.096Z",
    "created_by": 1,
    "category": 4,
    "name": "Servicing Log",
    "code": "EB FOM 11"
  }
},
{
  "model": "conf.forms",
  "pk": 22,
  "fields": {
    "created_at": "2025-06-07T18:48:08.773Z",
    "updated_at": "2025-06-07T18:48:08.773Z",
    "created_by": 1,
    "category": 5,
    "name": "Competency Review",
    "code": "SVN FOM 07"
  }
},
{
  "model": "conf.forms",
  "pk": 23,
  "fields": {
    "created_at": "2025-06-07T18:48:22.531Z",
    "updated_at": "2025-06-07T18:48:22.531Z",
    "created_by": 1,
    "category": 5,
    "name": "Training Attendance",
    "code": "SVN FOM 08"
  }
},
{
  "model": "conf.forms",
  "pk": 24,
  "fields": {
    "created_at": "2025-06-07T18:48:41.690Z",
    "updated_at": "2025-06-07T18:48:41.690Z",
    "created_by": 1,
    "category": 5,
    "name": "Training Evaluation",
    "code": "SVN FOM 09"
  }
},
{
  "model": "conf.forms",
  "pk": 25,
  "fields": {
    "created_at": "2025-06-07T18:52:51.407Z",
    "updated_at": "2025-06-07T18:52:51.407Z",
    "created_by": 1,
    "category": 9,
    "name": "SWOT Analysis Template",
    "code": "SVN  FOM 05"
  }
},
{
  "model": "conf.forms",
  "pk": 26,
  "fields": {
    "created_at": "2025-06-07T18:53:09.609Z",
    "updated_at": "2025-06-07T18:53:09.609Z",
    "created_by": 1,
    "category": 9,
    "name": "Risk & Opportunity Register",
    "code": "SVN FOM 04"
  }
},
{
  "model": "conf.forms",
  "pk": 27,
  "fields": {
    "created_at": "2025-06-07T18:53:31.196Z",
    "updated_at": "2025-06-07T18:53:31.196Z",
    "created_by": 1,
    "category": 9,
    "name": "PESTLE Analysis Template",
    "code": "SVN FOM 06"
  }
}
]
